,weight,term
109,-0.0163602368354,"(36, 'N')"
112,-0.00295261539669,"(37, 'A')"
187,0.0354871344561,"(62, 'Y')"
423,-0.0475015564695,"(141, 'A')"
593,0.167676750486,"(197, 'H')"
667,-0.0966764589203,"(222, 'L')"
798,0.203254522688,"(266, 'I')"
833,-0.0231326433149,"(277, 'M')"
834,0.0790981432797,"(278, 'Q')"
836,-5.72883984773e-06,"(278, 'E')"
1603,-0.167547046337,"((33, 'N'), (232, 'V'))"
1605,0.406835538454,"((33, 'Y'), (233, 'Y'))"
1614,-0.111544014378,"((34, 'G'), (36, 'N'))"
1638,0.0351960043923,"((35, 'A'), (233, 'Y'))"
1647,-0.000748149025297,"((36, 'N'), (37, 'A'))"
1736,0.00271278153737,"((39, 'Q'), (233, 'Y'))"
1745,-2.91908244402e-05,"((40, 'L'), (41, 'A'))"
1879,0.120520261064,"((45, 'C'), (49, 'T'))"
1897,-0.00763507462438,"((45, 'L'), (241, 'I'))"
1912,0.00858349503721,"((46, 'Q'), (84, 'F'))"
1929,0.0118590279943,"((47, 'W'), (84, 'F'))"
1939,0.122615326306,"((48, 'F'), (50, 'F'))"
1996,-0.197346100402,"((50, 'V'), (52, 'L'))"
2097,-0.00240751724623,"((53, 'S'), (81, 'L'))"
2858,0.29394832905,"((108, 'W'), (154, 'V'))"
3079,-0.0342002115922,"((128, 'L'), (254, 'G'))"
3092,0.186770762331,"((129, 'T'), (132, 'S'))"
3099,-0.0173883874483,"((129, 'T'), (192, 'T'))"
3164,-0.152673222709,"((137, 'K'), (141, 'A'))"
3180,-0.00343703630767,"((139, 'T'), (141, 'A'))"
3196,0.165102521856,"((141, 'G'), (143, 'L'))"
3197,-0.0045932078788,"((141, 'A'), (144, 'V'))"
3668,0.14716202371,"((168, 'F'), (220, 'W'))"
3673,0.00340047722777,"((168, 'F'), (221, 'A'))"
3754,-0.29028756572,"((172, 'C'), (176, 'G'))"
3867,0.103503553503,"((179, 'F'), (210, 'F'))"
3934,-0.0968963021995,"((183, 'G'), (210, 'Y'))"
3991,0.0225502191609,"((187, 'I'), (190, 'N'))"
4007,0.00269015266574,"((188, 'E'), (277, 'S'))"
4008,-0.00549921058802,"((188, 'E'), (277, 'M'))"
4053,-0.0260287606807,"((190, 'Y'), (203, 'T'))"
4107,0.170224771901,"((192, 'S'), (287, 'L'))"
4124,-0.220451860823,"((192, 'T'), (289, 'F'))"
4168,0.0339557710959,"((195, 'K'), (197, 'H'))"
4257,-0.195812048488,"((199, 'R'), (288, 'E'))"
4264,0.051781228541,"((200, 'M'), (201, 'V'))"
4316,0.0159229608577,"((202, 'V'), (203, 'K'))"
4549,0.17634267253,"((211, 'A'), (215, 'M'))"
4600,-0.266968418253,"((215, 'M'), (218, 'I'))"
4601,0.0374179543666,"((215, 'M'), (218, 'G'))"
4615,0.00363493243535,"((216, 'F'), (218, 'G'))"
