,weight,term
423,-0.000304573641509,"(141, 'A')"
798,0.000105103519623,"(266, 'I')"
834,1.64782290784e-06,"(278, 'Q')"
2812,0.0316869027226,"((106, 'A'), (154, 'M'))"
2819,0.00549853860799,"((106, 'A'), (157, 'G'))"
3013,0.0600446120572,"((124, 'R'), (251, 'T'))"
3079,-0.0453332799534,"((128, 'L'), (254, 'G'))"
3164,-0.0118359937743,"((137, 'K'), (141, 'A'))"
3197,-0.000595075903082,"((141, 'A'), (144, 'V'))"
3204,0.00361247162408,"((141, 'G'), (177, 'Y'))"
3227,0.0524980712231,"((143, 'I'), (146, 'C'))"
3478,0.0386141100614,"((157, 'G'), (220, 'W'))"
3933,0.000118546380878,"((183, 'A'), (210, 'F'))"
4478,0.0380301035097,"((208, 'A'), (245, 'I'))"
4606,0.078039909188,"((215, 'S'), (242, 'C'))"
5186,0.0283068445387,"((262, 'H'), (266, 'I'))"
5255,-0.0170108011646,"((271, 'I'), (288, 'E'))"
5260,-1.36013171161e-05,"((271, 'I'), (291, 'E'))"
