,weight,term
0,-0.0383196705651,"(36, 'N')"
1,-0.0383196705651,"(37, 'A')"
2,0.0427315571047,"(62, 'Y')"
3,-0.0913484595351,"(141, 'A')"
4,0.0698532044898,"(197, 'H')"
5,-0.12824731617,"(222, 'L')"
6,0.0838344027968,"(266, 'I')"
7,-0.055052196184,"(277, 'M')"
8,0.0838344027968,"(278, 'Q')"
9,-0.055052196184,"(278, 'E')"
10,-0.177325123859,"((33, 'N'), (232, 'V'))"
11,0.347674963093,"((33, 'Y'), (233, 'Y'))"
12,-0.0383196705651,"((34, 'G'), (36, 'N'))"
13,0.0899927011648,"((35, 'A'), (233, 'Y'))"
14,-0.0383196705651,"((36, 'N'), (37, 'A'))"
15,0.0899927011649,"((39, 'Q'), (233, 'Y'))"
16,-0.0383196705651,"((40, 'L'), (41, 'A'))"
17,0.209301279964,"((45, 'C'), (49, 'T'))"
18,-0.0383196705651,"((45, 'L'), (241, 'I'))"
19,0.0427315571047,"((46, 'Q'), (84, 'F'))"
20,0.0427315571047,"((47, 'W'), (84, 'F'))"
21,0.0863629779917,"((48, 'F'), (50, 'F'))"
22,-0.144819442226,"((50, 'V'), (52, 'L'))"
23,-0.144819442226,"((53, 'S'), (81, 'L'))"
24,0.304462473729,"((108, 'W'), (154, 'V'))"
25,-0.125687115515,"((128, 'L'), (254, 'G'))"
26,0.258987795329,"((129, 'T'), (132, 'S'))"
27,-0.133945197732,"((129, 'T'), (192, 'T'))"
28,-0.0913484595351,"((137, 'K'), (141, 'A'))"
29,-0.0913484595351,"((139, 'T'), (141, 'A'))"
30,0.202169220342,"((141, 'G'), (143, 'L'))"
31,-0.0913484595351,"((141, 'A'), (144, 'V'))"
32,0.146371616033,"((168, 'F'), (220, 'W'))"
33,0.146371616033,"((168, 'F'), (221, 'A'))"
34,-0.263242757176,"((172, 'C'), (176, 'G'))"
35,0.191593814301,"((179, 'F'), (210, 'F'))"
36,-0.148180490739,"((183, 'G'), (210, 'Y'))"
37,0.129543492815,"((187, 'I'), (190, 'N'))"
38,0.0838344027968,"((188, 'E'), (277, 'S'))"
39,-0.055052196184,"((188, 'E'), (277, 'M'))"
40,-0.101546438597,"((190, 'Y'), (203, 'T'))"
41,0.150804694631,"((192, 'S'), (287, 'L'))"
42,-0.22808089554,"((192, 'T'), (289, 'F'))"
43,0.0698532044898,"((195, 'K'), (197, 'H'))"
44,-0.193211840751,"((199, 'R'), (288, 'E'))"
45,0.0698532044898,"((200, 'M'), (201, 'V'))"
46,0.0698532044898,"((202, 'V'), (203, 'K'))"
47,0.143954914958,"((211, 'A'), (215, 'M'))"
48,-0.156935808253,"((215, 'M'), (218, 'I'))"
49,0.112745951846,"((215, 'M'), (218, 'G'))"
50,0.112745951846,"((216, 'F'), (218, 'G'))"
