,weight,term
0,-0.0226889620911,"(36, 'N')"
1,-0.0344773563237,"(141, 'A')"
2,0.0180687060169,"(197, 'H')"
3,0.029134726947,"(278, 'Q')"
4,-0.0360061335993,"(278, 'E')"
5,0.029134726947,"(279, 'F')"
6,-0.0226889620911,"((34, 'G'), (36, 'N'))"
7,-0.0226889620911,"((45, 'L'), (241, 'I'))"
8,-0.0449237987521,"((79, 'V'), (117, 'T'))"
9,0.0408364395496,"((106, 'A'), (154, 'M'))"
10,-0.053999906216,"((106, 'A'), (157, 'A'))"
11,0.0408364395496,"((106, 'A'), (157, 'G'))"
12,0.0558242342038,"((124, 'R'), (251, 'T'))"
13,-0.0632578050934,"((128, 'L'), (254, 'G'))"
14,-0.0344773563237,"((137, 'K'), (141, 'A'))"
15,0.0317894294954,"((141, 'G'), (177, 'Y'))"
16,0.0427759644438,"((143, 'I'), (146, 'C'))"
17,0.0447525816036,"((157, 'G'), (220, 'W'))"
18,0.0310606625387,"((183, 'A'), (210, 'F'))"
19,0.029134726947,"((188, 'E'), (277, 'S'))"
20,-0.0360061335993,"((188, 'E'), (277, 'M'))"
21,0.0180687060169,"((195, 'K'), (197, 'H'))"
22,0.0180687060169,"((198, 'C'), (200, 'M'))"
23,0.0396659554353,"((208, 'A'), (245, 'I'))"
24,0.0180687060169,"((208, 'A'), (250, 'W'))"
25,0.0702269615134,"((215, 'S'), (242, 'C'))"
26,0.029134726947,"((262, 'H'), (266, 'I'))"
27,-0.0360061335993,"((271, 'I'), (288, 'E'))"
