,weight,term
109,-0.00783484597977,"(36, 'N')"
423,-0.0306567232673,"(141, 'A')"
593,0.00281619240315,"(197, 'H')"
834,0.0164109009976,"(278, 'Q')"
836,-0.00183777410503,"(278, 'E')"
837,5.54936880065e-07,"(279, 'F')"
1614,-0.00233435613909,"((34, 'G'), (36, 'N'))"
1897,-0.00115671487631,"((45, 'L'), (241, 'I'))"
2355,-0.00280639361592,"((79, 'V'), (117, 'T'))"
2812,0.050205883902,"((106, 'A'), (154, 'M'))"
2818,-0.0270151593806,"((106, 'A'), (157, 'A'))"
2819,0.00838330004304,"((106, 'A'), (157, 'G'))"
3013,0.0561530744467,"((124, 'R'), (251, 'T'))"
3079,-0.0544068659524,"((128, 'L'), (254, 'G'))"
3164,-0.0167113175289,"((137, 'K'), (141, 'A'))"
3204,0.00281246425263,"((141, 'G'), (177, 'Y'))"
3227,0.0511570886116,"((143, 'I'), (146, 'C'))"
3478,0.041210771589,"((157, 'G'), (220, 'W'))"
3933,0.00843823124551,"((183, 'A'), (210, 'F'))"
4007,0.000341856358328,"((188, 'E'), (277, 'S'))"
4008,-0.0309069850286,"((188, 'E'), (277, 'M'))"
4168,0.0169835204032,"((195, 'K'), (197, 'H'))"
4227,0.000791276875965,"((198, 'C'), (200, 'M'))"
4478,0.0439333534454,"((208, 'A'), (245, 'I'))"
4496,0.00144526268773,"((208, 'A'), (250, 'W'))"
4606,0.0933282576705,"((215, 'S'), (242, 'C'))"
5186,0.0417434275489,"((262, 'H'), (266, 'I'))"
5255,-0.0223499638379,"((271, 'I'), (288, 'E'))"
