,weight,term
0,0.0390918721178,"(102, 'T')"
1,0.00988491800098,"(176, 'G')"
2,-0.0220265070003,"(177, 'Q')"
3,-0.00988491800098,"(178, 'T')"
4,-0.00988491800098,"(181, 'N')"
5,0.00988491800098,"(185, 'C')"
6,-0.00822963900245,"(215, 'M')"
7,0.0881482722207,"((46, 'Q'), (50, 'F'))"
8,0.0459507540673,"((100, 'L'), (102, 'T'))"
9,0.0390918721178,"((101, 'S'), (102, 'T'))"
10,0.00822963900245,"((114, 'W'), (216, 'Y'))"
11,0.00988491800098,"((122, 'L'), (178, 'M'))"
12,-0.0220265070003,"((125, 'L'), (185, 'I'))"
13,0.00988491800098,"((125, 'L'), (185, 'C'))"
14,-0.0713377102559,"((129, 'T'), (132, 'S'))"
15,0.0427406412308,"((149, 'M'), (171, 'S'))"
16,0.025205915404,"((152, 'F'), (168, 'Y'))"
17,0.0427406412308,"((152, 'F'), (170, 'V'))"
18,0.025205915404,"((155, 'A'), (159, 'A'))"
19,0.0427406412308,"((155, 'A'), (167, 'L'))"
20,0.025205915404,"((157, 'G'), (159, 'A'))"
21,0.0412411124942,"((173, 'I'), (177, 'Y'))"
22,-0.0220265070003,"((174, 'Y'), (176, 'T'))"
23,0.00988491800098,"((174, 'Y'), (176, 'G'))"
24,-0.031283394711,"((179, 'F'), (214, 'L'))"
25,0.00988491800098,"((180, 'F'), (181, 'Q'))"
26,-0.0421512086824,"((199, 'K'), (288, 'A'))"
27,0.00822963900245,"((212, 'S'), (215, 'S'))"
