,weight,term
308,0.000583779849335,"(102, 'T')"
530,0.0271318726881,"(176, 'G')"
531,-0.0171837248895,"(177, 'Q')"
534,-0.00283033052753,"(178, 'T')"
543,-3.16027258197e-05,"(181, 'N')"
557,7.87425349251e-06,"(185, 'C')"
645,-0.000948285766287,"(215, 'M')"
1910,0.11537946239,"((46, 'Q'), (50, 'F'))"
2729,0.0568861187236,"((100, 'L'), (102, 'T'))"
2741,0.0320800756381,"((101, 'S'), (102, 'T'))"
2912,0.0128189904977,"((114, 'W'), (216, 'Y'))"
2986,0.0172817960326,"((122, 'L'), (178, 'M'))"
3029,-0.00415792231719,"((125, 'L'), (185, 'I'))"
3030,0.000800112755084,"((125, 'L'), (185, 'C'))"
3092,-0.0835007184492,"((129, 'T'), (132, 'S'))"
3319,0.151510996511,"((149, 'M'), (171, 'S'))"
3389,0.0508791939438,"((152, 'F'), (168, 'Y'))"
3399,5.57128641602e-07,"((152, 'F'), (170, 'V'))"
3445,0.00150361175486,"((155, 'A'), (159, 'A'))"
3449,4.43170510332e-07,"((155, 'A'), (167, 'L'))"
3470,7.29170549083e-06,"((157, 'G'), (159, 'A'))"
3774,0.0799879132319,"((173, 'I'), (177, 'Y'))"
3781,-0.000224019979097,"((174, 'Y'), (176, 'T'))"
3782,0.000949406456183,"((174, 'Y'), (176, 'G'))"
3872,-0.0454560039423,"((179, 'F'), (214, 'L'))"
3876,0.000154086285832,"((180, 'F'), (181, 'Q'))"
4253,-0.00817008185029,"((199, 'K'), (288, 'A'))"
4557,0.000770478686732,"((212, 'S'), (215, 'S'))"
