,weight,term
1933,-0.0264029631013,"((48, 'I'), (49, 'A'))"
2729,-0.161882502946,"((100, 'L'), (102, 'T'))"
4621,0.00629672346299,"((216, 'F'), (220, 'F'))"
