,weight,term
0,0.0337608620792,"(108, 'W')"
1,0.0396206636367,"(146, 'D')"
2,-0.0337608620792,"((95, 'P'), (108, 'C'))"
3,0.0444622585575,"((106, 'T'), (108, 'W'))"
4,0.0503220601151,"((106, 'T'), (157, 'A'))"
5,0.0597856591467,"((187, 'V'), (190, 'Y'))"
