,weight,term
0,-0.0686125525757,"((48, 'I'), (49, 'A'))"
1,-0.180361701717,"((100, 'L'), (102, 'T'))"
2,0.00153967253647,"((216, 'F'), (220, 'F'))"
