,weight,term
696,-0.0503380554556,"(232, 'V')"
1600,0.0496142030125,"((33, 'R'), (232, 'P'))"
1612,0.00817249520948,"((34, 'G'), (36, 'P'))"
1937,0.0149035468219,"((48, 'I'), (50, 'F'))"
1951,0.000359557666328,"((48, 'I'), (244, 'I'))"
2285,0.00144411050971,"((76, 'V'), (117, 'S'))"
2368,1.95566521574e-05,"((80, 'E'), (248, 'E'))"
2570,0.0152134587635,"((93, 'S'), (97, 'T'))"
2729,0.0885835388645,"((100, 'L'), (102, 'T'))"
3754,0.0126526605007,"((172, 'C'), (176, 'G'))"
3774,0.00574092326217,"((173, 'I'), (177, 'Y'))"
