,weight,term
0,-0.0543043229077,"((53, 'A'), (77, 'C'))"
1,-0.029426968184,"((79, 'V'), (117, 'S'))"
2,-0.0271065764402,"((95, 'P'), (108, 'C'))"
3,-0.0543036524678,"((100, 'L'), (102, 'T'))"
4,-0.037457433892,"((101, 'S'), (102, 'T'))"
5,-0.0271065764402,"((108, 'C'), (109, 'L'))"
6,-0.0510693243267,"((128, 'L'), (254, 'G'))"
7,-0.0804359765731,"((149, 'M'), (171, 'S'))"
8,0.0512174124147,"((157, 'A'), (220, 'F'))"
9,-0.0569984285166,"((208, 'L'), (245, 'M'))"
10,-0.0624219190124,"((211, 'V'), (215, 'M'))"
