,weight,term
0,-0.0148881466864,"(232, 'V')"
1,0.0433346336438,"((33, 'R'), (232, 'P'))"
2,0.0148881466864,"((34, 'G'), (36, 'P'))"
3,0.0518827941037,"((48, 'I'), (50, 'F'))"
4,0.0148881466864,"((48, 'I'), (244, 'I'))"
5,0.019951036267,"((76, 'V'), (117, 'S'))"
6,0.0148881466864,"((80, 'E'), (248, 'E'))"
7,0.0531646655875,"((93, 'S'), (97, 'T'))"
8,0.0728156788517,"((100, 'L'), (102, 'T'))"
9,0.043887670361,"((172, 'C'), (176, 'G'))"
10,0.0303964301578,"((173, 'I'), (177, 'Y'))"
