,weight,term
2088,-0.0176460925707,"((53, 'A'), (77, 'C'))"
2354,-0.00293010967653,"((79, 'V'), (117, 'S'))"
2605,-0.00992775765746,"((95, 'P'), (108, 'C'))"
2729,-0.0384974812637,"((100, 'L'), (102, 'T'))"
2741,-0.0167847817389,"((101, 'S'), (102, 'T'))"
2839,-0.0106125649706,"((108, 'C'), (109, 'L'))"
3079,-0.00309820163012,"((128, 'L'), (254, 'G'))"
3319,-0.118367844014,"((149, 'M'), (171, 'S'))"
3477,0.0642081753766,"((157, 'A'), (220, 'F'))"
4482,-0.0451607468396,"((208, 'L'), (245, 'M'))"
4553,-0.04231834421,"((211, 'V'), (215, 'M'))"
