,weight,term
324,0.00796661850641,"(108, 'W')"
438,0.0531655209471,"(146, 'D')"
2605,-0.000551817271043,"((95, 'P'), (108, 'C'))"
2809,0.0329813133184,"((106, 'T'), (108, 'W'))"
2820,0.0403903923059,"((106, 'T'), (157, 'A'))"
3992,0.00143542851375,"((187, 'V'), (190, 'Y'))"
