,weight,term
0,0.0241364687652,"(0, 'R')"
1,0.0241364687652,"(1, 'M')"
2,0.00919893797533,"(192, 'T')"
3,-0.0164110515219,"(277, 'M')"
4,0.0241364687652,"((0, 'R'), (1, 'M'))"
5,-0.134615668084,"((33, 'Y'), (233, 'Y'))"
6,0.0294025716457,"((33, 'N'), (233, 'Y'))"
7,0.0807432476428,"((48, 'F'), (50, 'V'))"
8,-0.0667755437068,"((48, 'I'), (51, 'F'))"
9,-0.0245623408517,"((48, 'I'), (52, 'L'))"
10,0.0125231988987,"((52, 'I'), (244, 'I'))"
11,0.0125231988987,"((52, 'I'), (248, 'E'))"
12,0.0125231988987,"((53, 'A'), (248, 'E'))"
13,0.0735550186193,"((102, 'G'), (159, 'A'))"
14,0.0631311261749,"((106, 'A'), (154, 'M'))"
15,-0.0332565699083,"((106, 'A'), (157, 'A'))"
16,0.0631311261749,"((106, 'A'), (157, 'G'))"
17,0.0344230391368,"((124, 'R'), (251, 'T'))"
18,0.0344230391368,"((124, 'R'), (254, 'A'))"
19,0.0550879442969,"((128, 'L'), (254, 'A'))"
20,-0.0180237745618,"((128, 'L'), (254, 'G'))"
21,0.0229189238807,"((129, 'T'), (192, 'T'))"
22,0.0315643590618,"((143, 'I'), (146, 'C'))"
23,0.0315643590618,"((143, 'I'), (147, 'V'))"
24,0.0432392753095,"((149, 'M'), (171, 'S'))"
25,-0.040136214922,"((157, 'A'), (220, 'W'))"
26,0.0571857719422,"((157, 'G'), (220, 'W'))"
27,0.0518702608876,"((173, 'I'), (177, 'Y'))"
28,0.0145741463311,"((179, 'Y'), (210, 'F'))"
29,0.0199202608946,"((183, 'A'), (210, 'F'))"
30,-0.0164110515219,"((188, 'E'), (277, 'M'))"
31,0.00919893797533,"((189, 'A'), (190, 'Y'))"
32,0.00913320773773,"((190, 'Y'), (199, 'R'))"
33,0.0329695067761,"((190, 'Y'), (203, 'T'))"
34,0.00919893797533,"((191, 'H'), (192, 'T'))"
35,0.0123537930345,"((192, 'T'), (287, 'E'))"
36,0.00710724373681,"((192, 'T'), (288, 'T'))"
37,0.0752975753357,"((199, 'K'), (288, 'A'))"
38,0.0203241929881,"((208, 'A'), (245, 'I'))"
39,0.0535630902873,"((208, 'V'), (245, 'L'))"
40,0.0203241929881,"((208, 'A'), (249, 'F'))"
41,0.0535630902873,"((208, 'V'), (249, 'I'))"
42,-0.0445441587493,"((211, 'A'), (215, 'M'))"
43,0.0793778058602,"((214, 'G'), (218, 'I'))"
44,0.0298893424487,"((215, 'S'), (242, 'C'))"
45,0.0298893424487,"((216, 'Y'), (242, 'C'))"
46,-0.0164110515219,"((271, 'I'), (288, 'E'))"
