,weight,term
1,0.0079734349682,"(0, 'R')"
4,0.00545917493526,"(1, 'M')"
577,0.00136547181224,"(192, 'T')"
833,-0.00783803716205,"(277, 'M')"
883,0.000354781695599,"((0, 'R'), (1, 'M'))"
1605,-0.180302002998,"((33, 'Y'), (233, 'Y'))"
1609,0.00301846683923,"((33, 'N'), (233, 'Y'))"
1940,0.0485106212918,"((48, 'F'), (50, 'V'))"
1943,-0.0247025409391,"((48, 'I'), (51, 'F'))"
1948,-0.00640418692774,"((48, 'I'), (52, 'L'))"
2063,0.00519969179599,"((52, 'I'), (244, 'I'))"
2067,0.00211644845741,"((52, 'I'), (248, 'E'))"
2099,7.88490168499e-05,"((53, 'A'), (248, 'E'))"
2757,0.0207966658435,"((102, 'G'), (159, 'A'))"
2812,0.0658398758465,"((106, 'A'), (154, 'M'))"
2818,-0.0379418421724,"((106, 'A'), (157, 'A'))"
2819,0.00901850953438,"((106, 'A'), (157, 'G'))"
3013,0.0729330537714,"((124, 'R'), (251, 'T'))"
3017,0.00270692850034,"((124, 'R'), (254, 'A'))"
3078,0.0338300035272,"((128, 'L'), (254, 'A'))"
3079,-0.0174616261906,"((128, 'L'), (254, 'G'))"
3099,0.0223071963062,"((129, 'T'), (192, 'T'))"
3227,0.0531268454747,"((143, 'I'), (146, 'C'))"
3233,0.00329806691373,"((143, 'I'), (147, 'V'))"
3319,0.0438879320465,"((149, 'M'), (171, 'S'))"
3476,-0.0233681326379,"((157, 'A'), (220, 'W'))"
3478,0.0706104268969,"((157, 'G'), (220, 'W'))"
3774,0.0253613412987,"((173, 'I'), (177, 'Y'))"
3865,0.0078427979594,"((179, 'Y'), (210, 'F'))"
3933,0.0217102877565,"((183, 'A'), (210, 'F'))"
4008,-0.000511825712872,"((188, 'E'), (277, 'M'))"
4011,0.00333341315838,"((189, 'A'), (190, 'Y'))"
4046,0.00384841820087,"((190, 'Y'), (199, 'R'))"
4053,0.00329638439989,"((190, 'Y'), (203, 'T'))"
4062,1.85133401764e-05,"((191, 'H'), (192, 'T'))"
4108,0.0133317846574,"((192, 'T'), (287, 'E'))"
4118,0.00894569408292,"((192, 'T'), (288, 'T'))"
4253,0.073185421113,"((199, 'K'), (288, 'A'))"
4478,0.00935182293778,"((208, 'A'), (245, 'I'))"
4486,0.0223712246688,"((208, 'V'), (245, 'L'))"
4489,0.0001907642262,"((208, 'A'), (249, 'F'))"
4493,4.58981596873e-05,"((208, 'V'), (249, 'I'))"
4549,-0.0261678226451,"((211, 'A'), (215, 'M'))"
4590,0.0430283337866,"((214, 'G'), (218, 'I'))"
4606,0.0439658484369,"((215, 'S'), (242, 'C'))"
4626,0.000645869016126,"((216, 'Y'), (242, 'C'))"
5255,-0.01021020338,"((271, 'I'), (288, 'E'))"
