,weight,term
0,-0.000590396198133,"(0, 'E')"
2,0.0488258750995,"(0, 'G')"
3,-2.22884769006e-05,"(1, 'Y')"
5,0.00534844100145,"(1, 'F')"
6,-5.4708079665e-06,"(2, 'H')"
507,-0.0183450354129,"(169, 'C')"
510,-0.00320351575923,"(170, 'I')"
667,0.23658062095,"(222, 'L')"
885,-0.0787905348922,"((0, 'E'), (1, 'Y'))"
890,0.0671279688851,"((0, 'G'), (1, 'F'))"
894,-2.22227348455e-06,"((0, 'E'), (2, 'H'))"
899,0.00480382541682,"((0, 'G'), (2, 'D'))"
902,-5.45467128005e-07,"((0, 'E'), (5, 'A'))"
904,3.50733534408e-05,"((0, 'G'), (5, 'A'))"
906,-1.33887385971e-07,"((1, 'Y'), (2, 'H'))"
1000,-0.00763208186657,"((3, 'A'), (99, 'F'))"
1002,0.0232586658344,"((3, 'E'), (99, 'F'))"
1007,-0.00294157228607,"((4, 'P'), (5, 'A'))"
1009,0.00466326643317,"((4, 'L'), (5, 'A'))"
1016,-2.92636559183e-06,"((4, 'P'), (6, 'G'))"
1497,-0.000370728787963,"((28, 'S'), (105, 'I'))"
1560,0.0230294723228,"((31, 'H'), (105, 'I'))"
1570,0.000335322714289,"((32, 'S'), (33, 'R'))"
1574,-6.9177056462e-05,"((32, 'Y'), (105, 'I'))"
1589,7.8611052956e-05,"((33, 'R'), (105, 'I'))"
1600,0.0383243972786,"((33, 'R'), (232, 'P'))"
1948,0.0576150716669,"((48, 'I'), (52, 'L'))"
2812,0.0406545945463,"((106, 'A'), (154, 'M'))"
2818,-0.0315296092793,"((106, 'A'), (157, 'A'))"
2819,0.00570756086144,"((106, 'A'), (157, 'G'))"
3012,-0.0228149245831,"((124, 'H'), (251, 'G'))"
3099,0.0361836429599,"((129, 'T'), (192, 'T'))"
3195,0.0310975452068,"((141, 'G'), (143, 'I'))"
3204,0.0123633367984,"((141, 'G'), (177, 'Y'))"
3227,0.00172735772766,"((143, 'I'), (146, 'C'))"
3272,0.230521919197,"((146, 'C'), (178, 'M'))"
3319,0.00259021037732,"((149, 'M'), (171, 'S'))"
3327,0.00134984613607,"((149, 'M'), (178, 'M'))"
3383,0.00208944245895,"((152, 'F'), (167, 'L'))"
3489,-0.00772112342747,"((159, 'A'), (163, 'V'))"
4256,-0.022897283116,"((199, 'R'), (288, 'A'))"
4519,0.105056540969,"((209, 'F'), (214, 'G'))"
4547,0.00363247577525,"((211, 'V'), (214, 'G'))"
4646,0.00846844316684,"((218, 'I'), (220, 'F'))"
