,weight,term
0,-0.00718511637805,"(0, 'E')"
1,0.0193644498109,"(0, 'G')"
2,-0.00718511637805,"(1, 'Y')"
3,0.0193644498109,"(1, 'F')"
4,-0.00718511637805,"(2, 'H')"
5,-0.00947558159968,"(169, 'C')"
6,-0.00947558159968,"(170, 'I')"
7,0.114160004143,"(222, 'L')"
8,-0.00718511637805,"((0, 'E'), (1, 'Y'))"
9,0.0193644498109,"((0, 'G'), (1, 'F'))"
10,-0.00718511637805,"((0, 'E'), (2, 'H'))"
11,0.0193644498109,"((0, 'G'), (2, 'D'))"
12,-0.00718511637805,"((0, 'E'), (5, 'A'))"
13,0.0193644498109,"((0, 'G'), (5, 'A'))"
14,-0.00718511637805,"((1, 'Y'), (2, 'H'))"
15,-0.0116158853688,"((3, 'A'), (99, 'F'))"
16,0.0727332100959,"((3, 'E'), (99, 'F'))"
17,-0.00718511637805,"((4, 'P'), (5, 'A'))"
18,0.0193644498109,"((4, 'L'), (5, 'A'))"
19,-0.00718511637805,"((4, 'P'), (6, 'G'))"
20,-0.0116158853688,"((28, 'S'), (105, 'I'))"
21,0.0727332100959,"((31, 'H'), (105, 'I'))"
22,0.0193644498109,"((32, 'S'), (33, 'R'))"
23,-0.0116158853688,"((32, 'Y'), (105, 'I'))"
24,0.0727332100958,"((33, 'R'), (105, 'I'))"
25,0.0515883142168,"((33, 'R'), (232, 'P'))"
26,0.0692042175634,"((48, 'I'), (52, 'L'))"
27,0.0449444431155,"((106, 'A'), (154, 'M'))"
28,-0.0930725965809,"((106, 'A'), (157, 'A'))"
29,0.0449444431155,"((106, 'A'), (157, 'G'))"
30,-0.0357477543446,"((124, 'H'), (251, 'G'))"
31,0.0728956953513,"((129, 'T'), (192, 'T'))"
32,0.0371889852594,"((141, 'G'), (143, 'I'))"
33,0.00769002237209,"((141, 'G'), (177, 'Y'))"
34,0.0157668796093,"((143, 'I'), (146, 'C'))"
35,0.0754653736386,"((146, 'C'), (178, 'M'))"
36,0.0308079273839,"((149, 'M'), (171, 'S'))"
37,0.0754653736386,"((149, 'M'), (178, 'M'))"
38,0.0308079273839,"((152, 'F'), (167, 'L'))"
39,-0.00947558159968,"((159, 'A'), (163, 'V'))"
40,-0.0857319581692,"((199, 'R'), (288, 'A'))"
41,0.069954275689,"((209, 'F'), (214, 'G'))"
42,0.069954275689,"((211, 'V'), (214, 'G'))"
43,0.114160004143,"((218, 'I'), (220, 'F'))"
