,weight,term
0,0.0252480818971,"(197, 'R')"
1,-0.0154563605952,"(277, 'M')"
2,-0.104485753607,"((33, 'Y'), (232, 'P'))"
3,-0.129380456687,"((33, 'Y'), (233, 'Y'))"
4,0.0597845284668,"((33, 'N'), (233, 'Y'))"
5,-0.0637852235406,"((45, 'C'), (240, 'T'))"
6,-0.0637852235406,"((45, 'C'), (244, 'L'))"
7,0.0767376585293,"((48, 'F'), (50, 'V'))"
8,-0.0876660048721,"((48, 'I'), (51, 'F'))"
9,0.00455471406366,"((52, 'I'), (244, 'I'))"
10,-0.031337438741,"((52, 'L'), (244, 'I'))"
11,0.00455471406366,"((52, 'I'), (248, 'E'))"
12,-0.031337438741,"((52, 'L'), (248, 'E'))"
13,0.00455471406366,"((53, 'A'), (248, 'E'))"
14,-0.0313374387409,"((53, 'S'), (248, 'E'))"
15,0.00455471406366,"((56, 'L'), (248, 'E'))"
16,0.0702293619169,"((102, 'G'), (159, 'A'))"
17,0.0840349300553,"((106, 'A'), (154, 'M'))"
18,-0.0624806891311,"((106, 'A'), (157, 'A'))"
19,0.0840349300553,"((106, 'A'), (157, 'G'))"
20,-0.0252480818971,"((121, 'I'), (209, 'Y'))"
21,0.0478504421499,"((124, 'R'), (251, 'T'))"
22,0.0478504421499,"((124, 'R'), (254, 'A'))"
23,-0.0593554175066,"((128, 'L'), (254, 'G'))"
24,0.0672812240298,"((129, 'T'), (192, 'T'))"
25,0.0634302176869,"((141, 'G'), (143, 'I'))"
26,0.0152173939532,"((143, 'I'), (146, 'C'))"
27,0.0491623536395,"((149, 'M'), (171, 'S'))"
28,-0.0428882664583,"((157, 'A'), (220, 'W'))"
29,0.0245324034499,"((157, 'G'), (220, 'W'))"
30,0.0681135195153,"((173, 'I'), (177, 'Y'))"
31,0.0145372754982,"((179, 'Y'), (210, 'F'))"
32,-0.0154563605952,"((188, 'E'), (277, 'M'))"
33,0.0289097162307,"((192, 'T'), (288, 'T'))"
34,0.0948389788374,"((199, 'K'), (288, 'A'))"
35,0.073641972158,"((208, 'V'), (245, 'L'))"
36,-0.0545536861466,"((211, 'A'), (215, 'M'))"
37,0.0367980597423,"((214, 'G'), (215, 'S'))"
38,0.0847723344828,"((214, 'G'), (218, 'I'))"
39,0.0285417787519,"((215, 'S'), (242, 'C'))"
40,-0.0553245034291,"((215, 'M'), (242, 'C'))"
41,0.0285417787519,"((216, 'Y'), (242, 'C'))"
42,0.0285417787519,"((216, 'Y'), (246, 'A'))"
43,-0.0154563605952,"((271, 'I'), (288, 'E'))"
