,weight,term
0,-0.201072399557,"(102, 'T')"
1,-0.126855299079,"(141, 'A')"
2,-0.386944592532,"((29, 'I'), (100, 'L'))"
3,-0.33445958282,"((33, 'Y'), (232, 'P'))"
4,-0.480994872755,"((33, 'Y'), (233, 'Y'))"
5,-0.188249591198,"((45, 'C'), (240, 'T'))"
6,-0.188249591198,"((45, 'C'), (244, 'L'))"
7,0.588585410607,"((48, 'F'), (50, 'V'))"
8,-0.257747510364,"((48, 'I'), (51, 'F'))"
9,-0.1651848176,"((48, 'I'), (52, 'L'))"
10,-0.30071077963,"((53, 'S'), (81, 'V'))"
11,-0.30071077963,"((54, 'A'), (81, 'V'))"
12,0.203282075145,"((79, 'I'), (117, 'T'))"
13,-0.201072399557,"((102, 'T'), (103, 'G'))"
14,0.173344386273,"((102, 'G'), (159, 'A'))"
15,0.278919013335,"((106, 'A'), (154, 'M'))"
16,-0.485805185054,"((106, 'A'), (154, 'T'))"
17,-0.230964115103,"((106, 'A'), (157, 'A'))"
18,0.278919013335,"((106, 'A'), (157, 'G'))"
19,-0.249306290487,"((124, 'H'), (251, 'T'))"
20,0.156246101312,"((124, 'R'), (251, 'T'))"
21,-0.249306290487,"((124, 'H'), (254, 'A'))"
22,0.156246101312,"((124, 'R'), (254, 'A'))"
23,-0.303909612747,"((128, 'I'), (254, 'A'))"
24,0.178936461614,"((128, 'I'), (254, 'G'))"
25,0.210849423571,"((128, 'L'), (254, 'A'))"
26,-0.0858762724383,"((128, 'L'), (254, 'G'))"
27,-0.331282487719,"((129, 'S'), (132, 'S'))"
28,0.506352743014,"((129, 'T'), (192, 'T'))"
29,-0.126855299079,"((137, 'K'), (141, 'A'))"
30,0.023421916935,"((141, 'G'), (181, 'Q'))"
31,0.12805541938,"((143, 'I'), (146, 'C'))"
32,-0.318147645007,"((143, 'I'), (146, 'D'))"
33,-0.453622221161,"((143, 'I'), (147, 'I'))"
34,0.12805541938,"((143, 'I'), (147, 'V'))"
35,0.176453653679,"((149, 'M'), (171, 'S'))"
36,-0.113205292794,"((157, 'A'), (220, 'W'))"
37,0.376280488107,"((173, 'I'), (177, 'Y'))"
38,0.166389268773,"((190, 'Y'), (203, 'T'))"
39,-0.24935112472,"((192, 'S'), (288, 'E'))"
40,0.580902095663,"((199, 'K'), (288, 'A'))"
41,-0.331764388551,"((199, 'K'), (288, 'T'))"
42,0.104965515757,"((208, 'A'), (245, 'I'))"
43,-0.177103011605,"((208, 'A'), (245, 'L'))"
44,-0.316689806685,"((208, 'V'), (245, 'M'))"
45,-0.177103011605,"((208, 'A'), (249, 'I'))"
46,0.104965515757,"((208, 'A'), (249, 'F'))"
47,-0.316689806685,"((208, 'V'), (249, 'C'))"
48,-0.164667039912,"((211, 'A'), (215, 'M'))"
49,0.226356323717,"((214, 'G'), (218, 'I'))"
50,-0.304099512119,"((215, 'M'), (242, 'C'))"
51,-0.317718081131,"((252, 'L'), (256, 'H'))"
52,-0.31771808113,"((254, 'G'), (256, 'H'))"
