,weight,term
592,0.00207211440599,"(197, 'R')"
833,-0.00446122932861,"(277, 'M')"
1598,-0.00566849239833,"((33, 'Y'), (232, 'P'))"
1605,-0.189764498539,"((33, 'Y'), (233, 'Y'))"
1609,0.0145330439434,"((33, 'N'), (233, 'Y'))"
1891,-0.0388605699623,"((45, 'C'), (240, 'T'))"
1900,-0.000434883681194,"((45, 'C'), (244, 'L'))"
1940,0.0365832380514,"((48, 'F'), (50, 'V'))"
1943,-0.0545326442303,"((48, 'I'), (51, 'F'))"
2063,0.0117765166333,"((52, 'I'), (244, 'I'))"
2065,-0.000716995451223,"((52, 'L'), (244, 'I'))"
2067,0.00118072258475,"((52, 'I'), (248, 'E'))"
2069,-2.33984529536e-05,"((52, 'L'), (248, 'E'))"
2099,0.000119997601082,"((53, 'A'), (248, 'E'))"
2101,-7.63585877296e-07,"((53, 'S'), (248, 'E'))"
2163,1.63277533627e-07,"((56, 'L'), (248, 'E'))"
2757,0.0170311599229,"((102, 'G'), (159, 'A'))"
2812,0.130356370666,"((106, 'A'), (154, 'M'))"
2818,-0.0337730648319,"((106, 'A'), (157, 'A'))"
2819,0.0119890653272,"((106, 'A'), (157, 'G'))"
2969,-0.000762243471871,"((121, 'I'), (209, 'Y'))"
3013,0.0759897994971,"((124, 'R'), (251, 'T'))"
3017,0.00276017099264,"((124, 'R'), (254, 'A'))"
3079,-0.0348195922828,"((128, 'L'), (254, 'G'))"
3099,0.0538047965969,"((129, 'T'), (192, 'T'))"
3195,0.0243868010382,"((141, 'G'), (143, 'I'))"
3227,0.0353154538973,"((143, 'I'), (146, 'C'))"
3319,0.032234958931,"((149, 'M'), (171, 'S'))"
3476,-0.0322002026044,"((157, 'A'), (220, 'W'))"
3478,0.0411118831568,"((157, 'G'), (220, 'W'))"
3774,0.0350857726434,"((173, 'I'), (177, 'Y'))"
3865,0.0135892282549,"((179, 'Y'), (210, 'F'))"
4008,-1.47967397182e-05,"((188, 'E'), (277, 'M'))"
4118,0.00893891752309,"((192, 'T'), (288, 'T'))"
4253,0.0900576531133,"((199, 'K'), (288, 'A'))"
4486,0.0267471957241,"((208, 'V'), (245, 'L'))"
4549,-0.0366923614117,"((211, 'A'), (215, 'M'))"
4580,0.0127928428194,"((214, 'G'), (215, 'S'))"
4590,0.0603771886544,"((214, 'G'), (218, 'I'))"
4606,0.0498232066402,"((215, 'S'), (242, 'C'))"
4609,-0.0165707817808,"((215, 'M'), (242, 'C'))"
4626,0.00157865690358,"((216, 'Y'), (242, 'C'))"
4632,2.61575692126e-05,"((216, 'Y'), (246, 'A'))"
5255,-0.0118212396854,"((271, 'I'), (288, 'E'))"
