,weight,term
0,-0.239928528545,"(0, 'E')"
3,-0.000555847768281,"(1, 'Y')"
654,-0.0537072039181,"(218, 'G')"
667,0.294779773256,"(222, 'L')"
681,-0.0155363537969,"(227, 'M')"
885,-0.29247976361,"((0, 'E'), (1, 'Y'))"
1604,-0.0510906255617,"((33, 'Y'), (233, 'A'))"
1948,0.00656087732528,"((48, 'I'), (52, 'L'))"
1955,-0.0680895390389,"((49, 'A'), (50, 'F'))"
2065,0.015795514697,"((52, 'L'), (244, 'I'))"
2812,0.00577075060844,"((106, 'A'), (154, 'M'))"
2818,-0.0282600867784,"((106, 'A'), (157, 'A'))"
2819,0.00303296644978,"((106, 'A'), (157, 'G'))"
3012,-0.0317916583488,"((124, 'H'), (251, 'G'))"
3016,-0.000582173273861,"((124, 'H'), (254, 'G'))"
3195,0.0152066211874,"((141, 'G'), (143, 'I'))"
3204,0.0300426349691,"((141, 'G'), (177, 'Y'))"
3206,-0.0637788908699,"((141, 'A'), (181, 'N'))"
3272,0.132230385456,"((146, 'C'), (178, 'M'))"
3327,0.00890877366751,"((149, 'M'), (178, 'M'))"
3380,-0.0520990660338,"((152, 'M'), (167, 'F'))"
3754,0.135358149762,"((172, 'C'), (176, 'G'))"
3766,0.00154696202677,"((173, 'I'), (176, 'G'))"
3774,0.217009647455,"((173, 'I'), (177, 'Y'))"
4070,0.196213996902,"((191, 'H'), (199, 'R'))"
4108,0.121143390081,"((192, 'T'), (287, 'E'))"
4130,0.000405456503145,"((193, 'V'), (195, 'K'))"
4256,-0.0240233501165,"((199, 'R'), (288, 'A'))"
4519,0.00100782478854,"((209, 'F'), (214, 'G'))"
4543,-0.0744145697429,"((211, 'A'), (214, 'G'))"
4636,0.00868745725812,"((217, 'P'), (218, 'I'))"
